admin1|password1|-1|a_name1|admin1@ycp.edu|HEY GUYS I’M ADMIN ONE LETS HAVE SOME FUN
admin2|password2|-1|a_name2|admin2@ycp.edu|Hey guys I’m admin two and i wanna eat food
admin3|password3|-1|a_name3|admin3@ycp.edu|hey guys i’m admin three go climb a tree
member1|password1|-1|m_name1|member1@ycp.edu|HEY GUYS IM MEMBER ONE HILARIOUS AND ORIGINAL
member2|password2|-1|m_name2|member2@ycp.edu|Hey guys I’m member two and I’m running out of ideas
member3|password3|-1|m_name3|member3@ycp.edu|hi i’m paul
LoganH24|Mfgicod05$$$|-1|Logan Harris|Logan.Harris1995@gmail.com|This is the account for Logan Harris
